Label,# Samples,Average,Median,90% Line,95% Line,99% Line,Min,Max,Error %,Throughput,Received KB/sec,Sent KB/sec
HTTP Request account_add,1120898,782,776,876,893,937,130,7341,0.000%,6205.25142,1175.66,0.00
TOTAL,1120898,782,776,876,893,937,130,7341,0.000%,6205.25142,1175.66,0.00
