Label,# Samples,Average,Median,90% Line,95% Line,99% Line,Min,Max,Error %,Throughput,Received KB/sec,Sent KB/sec
HTTP Request account_add,1139661,769,759,865,894,933,196,5038,0.000%,6312.86213,1196.15,0.00
TOTAL,1139661,769,759,865,894,933,196,5038,0.000%,6312.86213,1196.15,0.00
