Label,# Samples,Average,Median,90% Line,95% Line,99% Line,Min,Max,Error %,Throughput,Received KB/sec,Sent KB/sec
HTTP Request account_list,305329,9396,10618,10973,11040,11182,5,11633,0.000%,977.35930,296823.26,0.00
TOTAL,305329,9396,10618,10973,11040,11182,5,11633,0.000%,977.35930,296823.26,0.00
